﻿<?xml version="1.0" encoding="utf-8"?>
<HostProfile xmlns:xsi="http://www.w3.org/2001/XMLSchema-instance" xmlns:xsd="http://www.w3.org/2001/XMLSchema">
  <Version>11</Version>
  <Guid>dc4bb381-82ff-4ba9-a91f-81248d25d455</Guid>
  <Address>https://six15-technologies.github.io/velocity-web-static-site</Address>
  <Port>23</Port>
  <OnlyUseConnectPro>false</OnlyUseConnectPro>
  <EmulationType>WEB</EmulationType>
  <WebEmulationParameters>
    <EnableAutomaticSIP>false</EnableAutomaticSIP>
    <ClearCache>false</ClearCache>
    <ClearCookies>false</ClearCookies>
    <ConnectTimeout>30</ConnectTimeout>
    <ScannerAutoKeys>NoKey</ScannerAutoKeys>
    <DefaultScannerState>false</DefaultScannerState>
    <TextSize>100</TextSize>
    <DetectNetworkOutofRange>true</DetectNetworkOutofRange>
    <OutofRangeMessage />
    <Override404 />
    <Override500 />
    <NoConnectionOverride />
    <ReceiveTimeout>30</ReceiveTimeout>
    <ScannerPostProcessing>false</ScannerPostProcessing>
  </WebEmulationParameters>
  <SafeMode>true</SafeMode>
  <AutoSwitchToNativeMode>false</AutoSwitchToNativeMode>
  <AllowSwitchModes>true</AllowSwitchModes>
  <CodePage>0</CodePage>
  <DisplayCodePage>0</DisplayCodePage>
  <CarriageReturn>true</CarriageReturn>
  <HardwareBackButtonKey>{back}</HardwareBackButtonKey>
  <KeyboardHeight>45</KeyboardHeight>
  <KeyboardTransparency>0</KeyboardTransparency>
  <SwapEnterAndFieldExit>false</SwapEnterAndFieldExit>
  <HostID>0</HostID>
  <DisablePinchZoom>true</DisablePinchZoom>
  <EnableSessionLogging>false</EnableSessionLogging>
  <LogFileMaxSize>1024</LogFileMaxSize>
  <IsLaunchOnStartup>false</IsLaunchOnStartup>
  <LicenseServerAddress />
  <LicenseServerPort>1820</LicenseServerPort>
  <LicenseServerSiteId>0</LicenseServerSiteId>
  <TelnetNegotiationString />
  <VoiceProvider>0</VoiceProvider>
  <EnableScrollingAndPanning>true</EnableScrollingAndPanning>
  <LockScreenToTopLeft>false</LockScreenToTopLeft>
  <HideToolbar>false</HideToolbar>
  <ToggleKeyboardVisibilityKey />
  <ToggleMenuVisibilityKey />
  <ToggleShortcutMenuVisibilityKey />
  <EnableScreenCapture>false</EnableScreenCapture>
  <EnableWakeLock>false</EnableWakeLock>
  <ImmersiveMode>false</ImmersiveMode>
  <ShowBatteryIcon>false</ShowBatteryIcon>
  <ShowWifiIcon>false</ShowWifiIcon>
  <IconLocation>TopRight</IconLocation>
  <UseLongPressWithNumberKeys>false</UseLongPressWithNumberKeys>
  <CopyPasteEnabled>false</CopyPasteEnabled>
  <AutoRestartEnabled>false</AutoRestartEnabled>
  <FieldForwardCommand>{Tab}</FieldForwardCommand>
  <FieldBackCommand />
  <SSH>false</SSH>
  <SSHTunneling>false</SSHTunneling>
  <HostSettings>false</HostSettings>
  <SSHAutoLoginUser />
  <SSHAcceptNewKeys>No</SSHAcceptNewKeys>
  <SSHKnownHost />
  <SSHTunnelAddress />
  <SSHTunnelPort>22</SSHTunnelPort>
  <SSHAlternativeKnownHost />
  <SSHPublicKeys />
  <SSL>false</SSL>
  <SSLCertificates />
  <UseProxyServer>false</UseProxyServer>
  <ProxyServerAddress />
  <ProxyServerPort>8080</ProxyServerPort>
  <BypassProxyForLocalAddresses>false</BypassProxyForLocalAddresses>
  <MenuUpKey />
  <MenuDownKey />
  <AutoLoginUser />
  <AutoLoginUserPrompt />
  <AutoLoginPasswordPrompt />
  <AutoLoginProgram />
  <AutoLoginMenu />
  <AutoLoginLibrary />
  <AutoLoginCommandPrompt />
  <AutoLoginCommand />
  <VTScanTerminator>{TAB}</VTScanTerminator>
  <VTAnswerBack />
  <WorkstationId />
  <VTScreenRows>24</VTScreenRows>
  <VTScreenColumns>80</VTScreenColumns>
  <RetryWorkstationID>false</RetryWorkstationID>
  <DisablePredictive>false</DisablePredictive>
  <AllowFileUpload>false</AllowFileUpload>
  <NeuronsSettings>
    <MQTT_Username />
    <MQTT_Password />
    <MQTT_Address />
    <MQTT_Port>0</MQTT_Port>
    <MQTT_Protocol>mqtt</MQTT_Protocol>
  </NeuronsSettings>
  <Name>Six15_Velocity_Web_Demo</Name>
  <HideCloseSession>false</HideCloseSession>
  <AutoLoginPassword />
  <SSHAutoLoginPassword />
  <SSHUsePrivateKey>false</SSHUsePrivateKey>
  <SSHPrivateKey />
  <SSHPrivateKeyPassphrase />
  <ScreenRotation>Dynamic</ScreenRotation>
  <KeyboardVisibility>Show</KeyboardVisibility>
  <keyboardDockPositions>Bottom</keyboardDockPositions>
  <ScannerSettinglist />
  <ConnectProlist>
    <ConnectProSetting>
      <Type>None</Type>
      <Address />
      <Port>4430</Port>
      <TerminateConnectproSession>OnSessionExit</TerminateConnectproSession>
      <EnableReconnect>true</EnableReconnect>
      <ReconnectString />
      <UseSslTlsEncryption>false</UseSslTlsEncryption>
      <UseCustomEncryption>false</UseCustomEncryption>
      <EncryptionKey />
    </ConnectProSetting>
  </ConnectProlist>
  <Voice>
    <Language>ENU</Language>
    <VoiceName>Ava (F)</VoiceName>
    <VoiceRecognitionLanguage>ENU</VoiceRecognitionLanguage>
    <StartingVolume>80</StartingVolume>
    <EnableSTTAudioLogging>false</EnableSTTAudioLogging>
    <AccuSpeechProjectName />
  </Voice>
  <Printing>
    <BaudRate>9600</BaudRate>
    <DataBits>8</DataBits>
    <Parity>none</Parity>
    <StopBits>1</StopBits>
  </Printing>
  <PrinterType>None</PrinterType>
  <SourceVersion>0</SourceVersion>
</HostProfile>