﻿<?xml version="1.0" encoding="utf-8"?>
<screen-template name="T1" match="true" anchored="False" html-id="auto-component-0UGj" html-style="font-family:sans-serif;font-size:12pt;font-weight:normal;font-style:normal;text-decoration:none;color:rgba(153,153,151,1);background-color:rgba(51,51,51,1);">
  <header start-row="1" start-column="1" value="Header" html-id="theme-header" html-style="text-align:center;font-family:sans-serif;font-size:18pt;font-weight:normal;font-style:normal;text-decoration:none;color:rgba(60,136,200,1);background-color:rgba(0,0,0,0);"></header>
  <display-text start-row="1" start-column="1" value="Data Label" html-id="theme-data-label" html-style="text-align:left;font-family:sans-serif;font-size:12pt;font-weight:normal;font-style:normal;text-decoration:none;color:rgba(170,170,170,1);background-color:rgba(0,0,0,0);"></display-text>
  <display-text start-row="1" start-column="1" copy-value="[2,1]" html-id="theme-data-value" html-style="text-align:left;font-family:sans-serif;font-size:16pt;font-weight:normal;font-style:normal;text-decoration:none;color:rgba(250,250,250,1);background-color:rgba(0,0,0,0);"></display-text>
  <input-field start-row="1" start-column="1" copy-value="[1,1]" html-id="theme-input-field" html-style="font-family:monospace;font-size:18pt;font-weight:normal;font-style:normal;text-decoration:none;color:rgba(0,0,0,1);background-color:rgba(243,243,243,1);"></input-field>
  <menu-item start-row="1" start-column="1" label="Menu Item" value="0" html-id="theme-menu-item" html-style="text-align:left;font-family:sans-serif;font-size:18pt;font-weight:normal;font-style:normal;text-decoration:none;color:rgba(0,0,0,1);background-color:rgba(243,243,243,1);"></menu-item>
  <button start-row="1" start-column="1" value="Button" html-id="theme-button" html-style="text-align:center;font-family:sans-serif;font-size:14pt;font-weight:normal;font-style:normal;text-decoration:none;color:rgba(0,91,142,1);background-color:rgba(255,255,255,1);"></button>
  <image start-row="1" start-column="1" image-ref="themeDefaultImg.png" copy-value="[2,1]" html-id="theme-image" html-style="text-align:left;font-family:sans-serif;font-size:16pt;font-weight:normal;font-style:normal;text-decoration:none;color:rgba(250,250,250,1);background-color:rgba(0,0,0,0);"></image>
  <inline-message start-row="1" start-column="1" title="Error Message" value="This is an error message" type="Error" html-id="theme-error" html-style="text-align:left;font-family:sans-serif;font-size:12pt;font-weight:normal;font-style:normal;text-decoration:none;color:rgba(51,51,51,1);background-color:rgba(242,222,222,1)"></inline-message>
  <inline-message start-row="1" start-column="1" title="Warning Message" value="This is a warning message" type="Warning" html-id="theme-warn" html-style="text-align:left;font-family:sans-serif;font-size:12pt;font-weight:normal;font-style:normal;text-decoration:none;color:rgba(51,51,51,1);background-color:rgba(252,248,228,1)"></inline-message>
  <inline-message start-row="1" start-column="1" title="Information Message" value="This is an informational message" type="Information" html-id="theme-info" html-style="text-align:left;font-family:sans-serif;font-size:12pt;font-weight:normal;font-style:normal;text-decoration:none;color:rgba(51,51,51,1);background-color:rgba(217,237,247,1)"></inline-message>
  <table column-count="2" row-count="2" alt-row-color="#00FFFFFF" table-width="100" table-column-widths="33,33,34" html-id="theme-table" html-style="font-family:sans-serif;font-size:12pt;font-weight:normal;font-style:normal;text-decoration:none;color:rgba(153,153,151,1);background-color:rgba(0,0,0,0);">
    <empty></empty>
    <empty></empty>
    <empty></empty>
    <empty></empty>
  </table>
  <footer html-id="theme-footer" html-style="background-color:rgba(51,51,51,1);">
    <empty></empty>
  </footer>
</screen-template>